{
  "fixed acidity": 11.193781969281908,
  "volatile acidity": 64.75775636623987,
  "citric acid": 31.625540555227794,
  "residual sugar": 2.0974010846690545,
  "chlorides": 5.295307484287735,
  "free sulfur dioxide": 7.196793640791216,
  "total sulfur dioxide": 20.40729340363229,
  "density": 10.418940555747719,
  "pH": 9.86130671579702,
  "sulphates": 23.42478575876476,
  "alcohol": 107.82866633981223
}