{
  "accuracy_manual": 0.7791666666666667,
  "accuracy_sklearn": 0.7791666666666667,
  "report_sklearn": {
    "0": {
      "precision": 0.25,
      "recall": 0.2631578947368421,
      "f1-score": 0.2564102564102564,
      "support": 19.0
    },
    "1": {
      "precision": 0.907563025210084,
      "recall": 0.8181818181818182,
      "f1-score": 0.8605577689243028,
      "support": 396.0
    },
    "2": {
      "precision": 0.4368932038834951,
      "recall": 0.6923076923076923,
      "f1-score": 0.5357142857142857,
      "support": 65.0
    },
    "accuracy": 0.7791666666666667,
    "macro avg": {
      "precision": 0.5314854096978597,
      "recall": 0.5912158017421175,
      "f1-score": 0.5508941036829483,
      "support": 480.0
    },
    "weighted avg": {
      "precision": 0.8177979504908759,
      "recall": 0.7791666666666667,
      "f1-score": 0.7926543748692653,
      "support": 480.0
    }
  }
}