{
  "0": 0.7420938463294896,
  "1": 0.7487974987974988,
  "2": 0.8383317886932345,
  "micro": 0.9069552951388888,
  "macro": 0.7788142386431578
}